,trestbps,chol,thalach,oldpeak,heart_disease,angina,hypertension,high_cholesterol
mean,131.68976897689768,246.69306930693068,149.6072607260726,1.0396039603960396,,,,
std,17.59974772958769,51.77691754263704,22.875003276980376,1.1610750220686348,,,,
min,94.0,126.0,71.0,0.0,,,,
max,200.0,564.0,202.0,6.2,,,,
prevalence,,,,,0.9372937293729373,0.5,0.5,0.5
severity,,,,,1.0,0.7,0.7,0.7
